City_ID,City,Lat,Lng,Max Temp,Humidity,Cloudiness,Wind Speed,Country,Date
0,blackmans bay,-43.0167,147.3167,50.74,74,70,1.01,AU,1722813057
1,albany,42.6001,-73.9662,81.45,74,44,1.01,US,1722813057
2,la tuque,47.4334,-72.7824,67.89,77,93,3.56,CA,1722813057
3,hastings,50.8552,0.5729,61.09,86,72,10.18,GB,1722813057
4,vilyuysk,63.7553,121.6247,63.03,50,96,7.65,RU,1722813057
5,wailua homesteads,22.0669,-159.378,83.19,64,0,14.97,US,1722813057
6,waitangi,-43.9535,-176.5597,50.83,71,100,1.99,NZ,1722813058
7,bredasdorp,-34.5322,20.0403,46.62,63,43,8.55,ZA,1722813058
8,jamestown,42.097,-79.2353,78.44,50,0,6.91,US,1722813058
9,taroa,8.7058,171.2275,83.26,79,85,13.04,MH,1722813058
10,chimore,-16.9833,-65.1333,75.04,75,44,4.09,BO,1722813058
11,adamstown,-25.066,-130.1015,70.34,78,91,17.6,PN,1722813058
12,xilin hot,43.9667,116.0333,67.03,59,0,3.0,CN,1722813058
13,kievka,50.2619,71.5514,62.85,61,2,5.82,KZ,1722813059
14,giyani,-23.3025,30.7187,68.47,21,2,3.65,ZA,1722813059
15,kitimat,54.0524,-128.6534,89.69,43,58,1.01,CA,1722813059
16,longyearbyen,78.2186,15.6401,48.04,87,20,10.36,SJ,1722813059
17,udachny,66.4167,112.4,64.69,49,63,8.61,RU,1722813059
18,mizhhirya,48.5246,23.5056,56.66,84,98,3.31,UA,1722813059
19,edinburgh of the seven seas,-37.0676,-12.3116,55.96,84,52,26.08,SH,1722813060
20,kavaratti,10.5669,72.642,82.18,81,61,10.92,IN,1722813060
21,hwange,-18.3693,26.5019,61.32,29,2,0.63,ZW,1722813060
22,port-aux-francais,-49.35,70.2167,35.4,66,20,18.01,TF,1722813057
23,tiksi,71.6872,128.8694,53.02,62,100,7.31,RU,1722813060
24,iskateley,67.6803,53.1512,43.11,78,98,14.38,RU,1722813060
25,mendaha,-1.0333,103.5833,73.33,93,100,3.38,ID,1722813060
26,bethel,41.3712,-73.414,75.87,88,54,1.99,US,1722813061
27,port elizabeth,-33.918,25.5701,52.32,67,48,5.99,ZA,1722812922
28,sumbawanga,-7.9667,31.6167,56.61,32,1,2.86,TZ,1722813061
29,puerto natales,-51.7236,-72.4875,33.94,98,99,1.21,CL,1722813061
30,jerez de garcia salinas,22.65,-103.0,82.4,24,89,11.77,MX,1722813061
31,shalqar,47.8333,59.6,77.72,30,97,6.38,KZ,1722813061
32,jindabyne,-36.4167,148.6333,41.58,62,100,1.01,AU,1722813062
33,hawaiian paradise park,19.5933,-154.9731,85.73,72,75,11.5,US,1722813062
34,grytviken,-54.2811,-36.5092,30.11,93,99,7.52,GS,1722813062
35,panuco,22.05,-98.1667,87.98,58,3,11.52,MX,1722813062
36,funafuti,-8.5243,179.1942,80.6,89,75,2.3,TV,1722813062
37,west island,-12.1568,96.8225,75.18,94,75,13.8,CC,1722813062
38,porto novo,6.4965,2.6036,76.33,79,89,7.47,BJ,1722813062
39,thompson,55.7435,-97.8558,72.25,24,81,11.36,CA,1722813063
40,yellowknife,62.456,-114.3525,72.41,68,81,1.01,CA,1722813063
41,constantia,44.1833,28.65,66.88,66,16,13.02,RO,1722812994
42,turbat,26.0023,63.044,82.71,79,100,6.58,PK,1722813063
43,nagai,38.1036,140.035,81.21,78,15,1.32,JP,1722813063
44,labasa,-16.4167,179.3833,75.76,86,52,3.89,FJ,1722813063
45,kokopo,-4.352,152.2633,80.74,77,98,7.07,PG,1722813064
46,talnakh,69.4865,88.3972,50.27,62,0,10.49,RU,1722813064
47,puerto gaitan,4.3133,-72.0816,79.88,82,79,7.72,CO,1722812978
48,nouadhibou,20.931,-17.0347,72.52,94,4,11.5,MR,1722813064
49,karungdong,5.8844,121.263,80.26,84,66,2.98,PH,1722813064
50,bogande,12.9714,-0.1436,76.59,83,100,6.26,BF,1722813064
51,callao,-12.0667,-77.15,66.72,72,75,11.5,PE,1722813064
52,eyl,7.9803,49.8164,76.37,78,67,22.06,SO,1722813065
53,bahia de kino,28.8333,-111.9333,99.52,59,42,15.93,MX,1722813065
54,estevan,49.1334,-102.9842,73.22,30,95,14.34,CA,1722813065
55,whitehorse,60.7161,-135.0538,75.02,34,8,3.0,CA,1722813065
56,lata,40.1629,-8.3327,64.08,96,1,2.39,PT,1722813065
57,chipinge,-20.1883,32.6236,60.35,20,4,3.53,ZW,1722813065
58,kodiak,57.79,-152.4072,53.11,100,100,9.22,US,1722813066
59,tura,25.5198,90.2201,74.62,98,100,4.45,IN,1722813066
60,nova sintra,14.8667,-24.7167,80.08,78,100,6.13,CV,1722813066
61,coahuayana de hidalgo,18.7,-103.6583,86.0,69,95,4.29,MX,1722813066
62,guarapari,-20.6667,-40.4975,70.9,86,1,9.13,BR,1722813066
63,zouerate,22.7187,-12.4521,92.53,32,10,19.75,MR,1722813067
64,isafjordur,66.0755,-23.124,45.54,88,65,12.19,IS,1722813067
65,olonkinbyen,70.9221,-8.7187,44.78,97,100,8.01,SJ,1722813067
66,mahebourg,-20.4081,57.7,66.25,72,13,8.99,MU,1722813067
67,papatowai,-46.5619,169.4708,48.16,84,54,6.11,NZ,1722813067
68,ribeira grande,38.5167,-28.7,76.77,94,12,7.0,PT,1722813067
69,shalya,57.2471,58.7298,54.27,98,27,4.61,RU,1722813067
70,st. john's,47.5649,-52.7093,71.28,94,100,11.5,CA,1722813049
71,nadym,65.5333,72.5167,55.96,67,100,16.42,RU,1722813068
72,bardai,11.65,7.2333,70.56,90,92,8.28,NG,1722813068
73,mount gambier,-37.8333,140.7667,44.65,67,93,2.98,AU,1722813068
74,havre,49.5833,0.3333,58.77,77,0,3.44,FR,1722813068
75,tazovsky,67.4667,78.7,43.75,75,97,11.77,RU,1722813068
76,monte alegre,-2.0078,-54.0692,81.73,49,14,4.7,BR,1722813068
77,moyobamba,-6.05,-76.9667,75.18,65,34,1.61,PE,1722813069
78,okha,53.5739,142.9478,57.78,64,100,16.26,RU,1722813069
79,port saint john's,-31.6229,29.5448,58.1,62,54,17.81,ZA,1722813069
80,aguadulce,8.25,-80.55,81.57,85,95,1.05,PA,1722813069
81,aasiaat,68.7098,-52.8699,39.63,87,28,5.48,GL,1722813069
82,ola,59.5833,151.2833,58.53,76,16,2.8,RU,1722813069
83,mugia,43.1041,-9.2179,68.16,93,1,8.48,ES,1722813069
84,karatau,43.1667,70.4667,73.94,29,0,8.28,KZ,1722813070
85,chonchi,-42.6128,-73.8092,46.11,98,100,3.98,CL,1722813070
86,tarija,-21.5355,-64.7296,58.23,69,0,1.43,BO,1722813070
87,lazaro cardenas,17.9583,-102.2,85.8,67,74,8.14,MX,1722813070
88,hasaki,35.7333,140.8333,84.29,77,2,3.06,JP,1722813070
89,kruisfontein,-34.0033,24.7314,47.88,68,71,12.66,ZA,1722813070
90,bentiu,9.2333,29.8333,70.97,98,97,5.28,SS,1722813071
91,kapuskasing,49.4169,-82.4331,69.26,38,54,9.75,CA,1722813071
92,avarua,-21.2078,-159.775,77.05,65,4,9.22,CK,1722813071
93,invercargill,-46.4,168.35,48.02,82,57,5.99,NZ,1722813071
94,arno,60.1167,18.6333,63.79,91,20,2.71,SE,1722813071
95,lycksele,64.5954,18.6735,57.07,100,75,0.0,SE,1722813071
96,hermanus,-34.4187,19.2345,50.09,65,80,15.12,ZA,1722813071
97,nemuro,43.3236,145.575,59.76,100,100,6.06,JP,1722813072
98,balabac,7.9868,117.0645,81.1,80,100,5.37,PH,1722813072
99,inhambane,-23.865,35.3833,65.68,81,7,9.62,MZ,1722813072
100,luderitz,-26.6481,15.1594,54.93,84,50,11.59,NA,1722813072
101,polyarnyy,69.1989,33.4478,45.97,88,2,1.07,RU,1722813072
102,kovalam,8.3667,76.9967,78.89,78,40,10.36,IN,1722813072
103,banda aceh,5.5577,95.3222,80.38,80,99,11.63,ID,1722813072
104,shima,24.4478,117.8111,81.14,87,100,2.01,CN,1722813073
105,iqaluit,63.7506,-68.5145,47.93,81,100,9.22,CA,1722813073
106,toliara,-23.35,43.6667,65.57,75,0,5.19,MG,1722813073
107,vadso,70.0744,29.7487,52.68,93,100,12.66,NO,1722813073
108,papao,-17.75,-149.55,82.08,72,26,14.14,PF,1722812931
109,shuangcheng,45.35,126.2833,74.21,98,100,9.95,CN,1722813073
110,ushuaia,-54.8,-68.3,18.23,93,13,2.15,AR,1722813073
111,lebu,-37.6167,-73.65,49.37,91,100,26.49,CL,1722812903
112,puerto ayora,-0.7393,-90.3518,69.55,92,75,5.01,EC,1722813074
113,margaret river,-33.95,115.0667,60.49,69,85,14.41,AU,1722813074
114,luchegorsk,46.4764,134.2569,67.03,93,87,6.35,RU,1722813074
115,nogliki,51.8333,143.1667,57.97,66,59,14.41,RU,1722813074
116,robertsport,6.7533,-11.3686,77.47,84,100,7.38,LR,1722813074
117,port mathurin,-19.6833,63.4167,71.62,74,13,14.05,MU,1722813075
118,tabou,4.423,-7.3528,76.08,83,95,5.06,CI,1722813075
119,tralee,52.2704,-9.7026,63.21,97,93,6.71,IE,1722813075
120,saint-joseph,-21.3667,55.6167,64.78,79,16,7.18,RE,1722813075
121,petropavlovsk-kamchatsky,53.0452,158.6483,61.39,67,20,4.47,RU,1722813075
122,val-d'or,48.1002,-77.7828,68.72,54,76,5.64,CA,1722813075
123,fada,7.25,4.0667,70.05,95,79,3.06,NG,1722813075
124,jessore,23.1687,89.2132,79.38,91,100,6.06,BD,1722813076
125,taltal,-25.4,-70.4833,58.12,81,19,2.42,CL,1722813076
126,kailua-kona,19.6406,-155.9956,84.16,76,75,10.36,US,1722813076
127,bilibino,68.0546,166.4372,49.17,54,75,3.98,RU,1722813076
128,mitu,1.1983,-70.1733,74.71,96,100,1.59,CO,1722813076
129,lihue,21.9789,-159.3672,83.79,62,0,14.97,US,1722813076
130,cabo san lucas,22.8909,-109.9124,92.5,48,20,9.22,MX,1722812908
131,minusinsk,53.7103,91.6875,66.22,89,8,4.25,RU,1722813077
132,alofi,-19.0595,-169.9187,80.49,78,75,11.5,NU,1722813077
133,bandarbeyla,9.4942,50.8122,77.16,80,100,29.75,SO,1722813077
134,sault ste. marie,46.5168,-84.3333,75.49,53,0,10.36,CA,1722812922
135,tvoroyri,61.5556,-6.8111,53.26,96,100,29.1,FO,1722813077
136,freetown,8.484,-13.2299,76.77,85,100,5.37,SL,1722813077
137,isabela,6.7085,121.9711,79.61,85,76,2.91,PH,1722813078
138,letterkenny,54.95,-7.7333,62.44,98,100,8.81,IE,1722813078
139,port isabel,26.0734,-97.2086,91.49,73,0,12.66,US,1722813078
140,khandyga,62.6667,135.6,63.3,50,78,5.86,RU,1722813078
141,nadvoitsy,63.8667,34.3167,46.38,97,59,6.35,RU,1722813079
142,poronaysk,49.2167,143.1167,56.37,73,18,3.71,RU,1722812910
143,hinton,53.4001,-117.5857,58.84,96,100,5.7,CA,1722813079
144,souillac,-20.5167,57.5167,68.86,75,38,7.74,MU,1722813079
145,nar'yan-mar,67.6713,53.087,43.12,78,97,14.45,RU,1722813079
146,jiuquan,39.7432,98.5174,77.81,20,89,8.03,CN,1722813079
147,beyneu,45.3167,55.2,83.34,34,67,2.86,KZ,1722813080
148,arraial do cabo,-22.9661,-42.0278,72.97,85,0,27.16,BR,1722813080
149,galesburg,40.9478,-90.3712,87.76,71,0,6.91,US,1722812963
150,ujae,8.9322,165.7642,83.53,77,17,10.63,MH,1722813080
151,suva,-18.1416,178.4415,74.68,73,75,9.22,FJ,1722813026
152,najran,17.4924,44.1277,88.45,27,100,2.55,SA,1722813081
153,safi,32.1667,-8.8333,73.18,66,0,5.59,MA,1722813081
154,katsuren-haebaru,26.3369,127.8719,87.1,85,40,8.05,JP,1722813081
155,college,64.8569,-147.8028,75.45,53,75,5.75,US,1722813081
156,auki,-8.7676,160.7034,76.82,93,100,4.34,SB,1722813081
157,lib,8.3122,167.3766,83.48,77,16,10.89,MH,1722813081
158,buka,40.8108,69.1986,71.71,26,89,7.99,UZ,1722813082
159,qulsary,46.9531,54.0198,78.01,49,3,7.81,KZ,1722813082
160,port douglas,-16.4833,145.4667,71.44,79,69,11.97,AU,1722813082
161,crowley,30.2141,-92.3746,95.04,60,54,7.43,US,1722813082
162,suizhou,31.7111,113.3631,81.27,88,100,8.32,CN,1722813082
163,ust-nera,64.5667,143.2,57.72,61,25,3.22,RU,1722813083
164,hadibu,12.65,54.0333,78.21,83,92,21.88,YE,1722813083
165,la foa,-21.7108,165.8276,69.42,52,39,12.86,NC,1722813083
166,kolonia,50.9333,6.95,64.94,84,0,2.3,DE,1722813083
167,beau vallon,-20.4189,57.6953,66.22,72,13,9.1,MU,1722813083
168,saipan,15.1355,145.701,84.9,84,0,10.36,MP,1722813083
169,atafu village,-8.5421,-172.5159,81.9,80,83,12.64,TK,1722813084
170,alice springs,-23.7,133.8833,45.95,100,100,5.75,AU,1722813084
171,gasa,31.5,34.4667,78.67,63,0,2.73,PS,1722813084
172,st. paul,44.9444,-93.0933,81.88,69,75,9.22,US,1722813084
173,codrington,-38.2667,141.9667,43.97,71,100,6.46,AU,1722813084
174,naregal,15.5833,75.8167,72.32,88,98,13.89,IN,1722813084
175,selfoss,63.9331,-20.9971,52.05,82,100,23.06,IS,1722813084
176,margate,51.3813,1.3862,60.31,79,76,10.76,GB,1722813085
177,salekhard,66.53,66.6019,47.97,63,100,22.35,RU,1722813085
178,puerto baquerizo moreno,-0.9,-89.6,68.27,82,55,12.53,EC,1722813085
179,la ronge,55.1001,-105.2842,66.92,34,52,5.5,CA,1722813085
180,nuriootpa,-34.4833,139.0,50.65,83,100,3.09,AU,1722813085
181,soderhamn,61.3037,17.0592,52.95,92,48,4.05,SE,1722813085
182,dingtao,35.0683,115.5625,79.66,95,100,5.61,CN,1722813086
183,saudarkrokur,65.7461,-19.6394,54.36,70,92,8.57,IS,1722813086
184,port alfred,-33.5906,26.891,54.72,61,50,23.85,ZA,1722813086
185,yabelo,4.8833,38.0833,63.21,64,99,7.65,ET,1722812967
186,stanley,54.868,-1.6985,59.72,93,40,6.91,GB,1722813086
187,happy valley-goose bay,53.3168,-60.3315,69.94,56,30,8.84,CA,1722813086
188,marsh harbour,26.5412,-77.0636,83.95,78,75,16.6,BS,1722813086
189,hamilton,39.1834,-84.5333,90.88,56,0,9.22,US,1722813087
190,kaa-khem,51.6833,94.7333,61.74,88,69,2.35,RU,1722813087
191,san patricio,28.017,-97.5169,92.53,46,5,14.65,US,1722813087
192,sungai raya,0.7,108.9,76.84,92,70,6.11,ID,1722813087
193,yumaguzino,52.9041,56.3933,58.55,84,96,4.41,RU,1722813087
194,gorzyce,50.6672,21.8401,66.2,82,100,6.42,PL,1722813087
195,marka,1.7159,44.7717,75.42,72,99,16.58,SO,1722813088
196,refahiye,39.9008,38.7667,60.37,59,0,3.91,TR,1722813088
197,sisimiut,66.9395,-53.6735,48.7,74,90,4.9,GL,1722813088
198,maceio,-9.6658,-35.7353,72.84,94,40,5.75,BR,1722813003
199,enewetak,11.3474,162.3373,83.95,76,78,9.46,MH,1722813088
200,tongchuanshi,35.0806,109.0897,75.69,83,37,2.39,CN,1722813088
201,urengoy,65.9667,78.3667,52.12,60,100,14.81,RU,1722813089
202,gamay,12.3854,125.2979,78.42,92,100,5.08,PH,1722813089
203,tazacorte,28.629,-17.9293,74.16,90,40,13.8,ES,1722813089
204,bonthe,7.5264,-12.505,76.84,86,100,5.66,SL,1722813089
205,kralendijk,12.15,-68.2667,85.98,74,20,14.97,BQ,1722813015
206,kegalle,7.2532,80.3454,72.79,96,79,3.69,LK,1722813089
207,kovdor,67.5662,30.4758,50.49,83,65,1.97,RU,1722813089
208,olinda,-8.0089,-34.8553,74.93,88,40,13.8,BR,1722812871
209,miandoab,36.9694,46.1027,74.7,42,0,4.68,IR,1722813090
210,kroya,-7.6331,109.2461,74.43,90,82,3.62,ID,1722813090
211,colonia,50.9333,6.95,64.94,84,0,2.3,DE,1722813083
212,huarmey,-10.0681,-78.1522,64.35,80,6,10.18,PE,1722813090
213,holualoa,19.6228,-155.9522,80.44,81,75,10.36,US,1722813090
214,sao jose da coroa grande,-8.8978,-35.1478,74.64,81,42,14.63,BR,1722812833
215,tuchkovo,55.6011,36.4681,58.8,96,0,4.47,RU,1722813091
216,longjiang,47.3303,123.1836,73.44,85,95,5.01,CN,1722813091
217,syktyvkar,61.6764,50.8099,62.33,100,100,6.71,RU,1722813091
218,yermentau,51.6214,73.1069,58.39,79,8,8.21,KZ,1722813091
219,pangkalan brandan,4.0238,98.2782,74.46,93,100,1.16,ID,1722813091
220,adrar,20.5022,-10.0711,87.4,39,100,10.16,MR,1722813091
221,krasnobrodskiy,54.1581,86.4486,59.29,93,42,4.0,RU,1722813092
222,harlingen,26.1906,-97.6961,93.06,81,20,12.66,US,1722813074
223,elizabeth city,36.2946,-76.2511,81.0,80,0,14.97,US,1722813092
224,katsuura,35.1333,140.3,79.72,80,14,2.98,JP,1722813092
225,lospalos,-8.5186,127.0025,70.41,83,100,6.24,TL,1722813092
226,vilyuchinsk,52.9306,158.4028,62.87,70,50,2.1,RU,1722813092
227,harstad,68.799,16.5293,60.19,76,51,2.46,NO,1722813092
228,viedma,-40.8135,-62.9967,55.18,39,100,8.9,AR,1722812965
229,pak phanang,8.3511,100.202,77.49,85,100,7.94,TH,1722813093
230,faya-largeau,17.9257,19.1043,90.07,50,94,12.71,TD,1722813093
231,tsiombe,-25.3,45.4833,61.39,94,0,3.78,MG,1722813093
232,kingston,17.997,-76.7936,88.75,66,20,19.57,JM,1722813093
233,elliot lake,46.3834,-82.6331,74.12,55,66,8.23,CA,1722813093
234,saiha,22.4833,92.9667,73.31,99,100,1.1,IN,1722813094
235,hecun,36.5333,114.1111,78.21,81,0,1.81,CN,1722813094
236,ta`u,-14.2336,-169.5144,80.19,65,100,4.38,AS,1722813094
237,pacific grove,36.6177,-121.9166,78.64,89,75,11.5,US,1722813094
238,hithadhoo,-0.6,73.0833,83.16,75,100,12.55,MV,1722813094
239,punta arenas,-53.15,-70.9167,32.11,100,100,3.44,CL,1722812903
240,forster,-32.1667,152.5167,54.37,100,99,6.11,AU,1722813094
241,lomas de sargentillo,-1.8833,-80.0833,82.26,61,88,6.02,EC,1722813095
242,newman,37.3138,-121.0208,102.43,10,0,6.58,US,1722813095
243,sandy point town,17.35,-62.8333,84.47,82,0,20.47,KN,1722813095
244,tibanbang,6.6315,126.1055,81.19,80,98,3.96,PH,1722813095
245,hegang,47.4,130.3667,66.45,100,100,3.15,CN,1722813095
246,keflavik,64.0049,-22.5624,53.51,87,100,17.27,IS,1722813095
247,vlore,40.4667,19.4897,74.48,74,13,6.8,AL,1722813096
248,urangan,-25.3,152.9,66.04,66,53,7.67,AU,1722813096
249,morehead city,34.7229,-76.726,81.03,86,100,13.0,US,1722813096
250,kovel,51.2153,24.7087,67.06,53,100,4.14,UA,1722813096
251,carnarvon,-24.8667,113.6333,59.95,52,0,9.95,AU,1722813096
252,manacapuru,-3.2997,-60.6206,86.02,50,86,2.8,BR,1722813096
253,berber,18.0216,33.983,89.64,46,32,11.88,SD,1722813096
254,sitka,57.0531,-135.33,74.68,44,1,3.85,US,1722813097
255,broken hill,-31.95,141.4333,48.99,86,100,2.71,AU,1722813097
256,ardestan,33.3761,52.3694,86.5,17,0,4.65,IR,1722812834
257,dryden,49.7833,-92.7503,71.92,32,47,7.27,CA,1722813097
258,changping,40.2186,116.2197,74.84,77,36,4.45,CN,1722813097
259,afaahiti,-17.75,-149.2833,80.47,71,52,11.07,PF,1722813097
260,beledweyne,4.7358,45.2036,73.6,70,99,19.69,SO,1722813097
261,crane,31.3974,-102.3501,97.39,21,26,8.9,US,1722813098
262,dodoma,-6.1722,35.7395,63.3,57,2,7.09,TZ,1722813098
263,ilulissat,69.2167,-51.1,46.42,81,75,3.44,GL,1722813098
264,neryungri,56.6709,124.6491,55.35,99,100,1.59,RU,1722813098
265,cadale,2.7603,46.3222,76.33,76,68,19.08,SO,1722813098
266,usogorsk,63.4106,48.6872,59.22,88,99,5.86,RU,1722813098
267,salinas,36.6777,-121.6555,87.49,67,0,14.97,US,1722812942
268,fortuna,40.5982,-124.1573,62.98,89,75,10.36,US,1722813099
269,pisco,-13.7,-76.2167,62.65,77,0,10.36,PE,1722813099
270,kenai,60.5544,-151.2583,67.01,59,20,11.5,US,1722813099
271,ancud,-41.8697,-73.8203,46.29,93,100,15.14,CL,1722813099
272,arar,30.9753,41.0381,84.22,15,0,13.8,SA,1722813099
273,jining,35.405,116.5814,77.54,86,100,3.0,CN,1722813100
274,daru,-9.0763,143.2092,76.59,89,100,14.07,PG,1722813100
275,midvagur,62.0511,-7.1939,54.43,94,100,29.93,FO,1722813100
276,bambui,-20.0064,-45.9769,69.69,58,89,4.05,BR,1722813100
277,san jose del guaviare,2.5729,-72.6459,73.15,99,100,1.45,CO,1722813100
278,karlskrona,56.1616,15.5866,61.25,93,100,10.4,SE,1722813100
279,qaqortoq,60.7167,-46.0333,44.28,79,0,4.09,GL,1722813100
280,fort bragg,35.139,-79.006,79.2,87,0,8.05,US,1722813101
281,road town,18.4167,-64.6167,84.24,79,40,12.66,VG,1722813101
282,kudat,6.8837,116.8477,78.75,86,74,4.47,MY,1722813101
283,ribas do rio pardo,-20.4431,-53.7592,79.34,28,29,1.32,BR,1722813101
284,sao joao da barra,-21.6403,-41.0511,71.69,84,0,16.6,BR,1722813101
285,nikolayevsk-on-amure,53.1406,140.73,61.56,54,99,4.27,RU,1722813101
286,manismata,-2.4667,111.0333,69.37,98,41,2.86,ID,1722813102
287,taksimo,56.3444,114.8794,62.58,73,53,2.3,RU,1722813102
288,al mindak,20.1588,41.2834,73.0,71,92,2.26,SA,1722813102
289,igarka,67.4667,86.5833,45.0,73,2,13.49,RU,1722813102
290,cuajinicuilapa,16.4667,-98.4167,85.1,69,84,7.18,MX,1722813102
291,arauca,7.0847,-70.7591,77.72,90,93,2.46,CO,1722813102
292,siwa oasis,29.2041,25.5195,87.03,31,19,8.19,EG,1722813102
293,la reforma,25.0833,-108.05,89.2,64,46,9.24,MX,1722813103
294,ercis,39.0287,43.3586,69.12,50,0,5.59,TR,1722813103
295,puerto deseado,-47.7503,-65.8938,40.39,93,96,15.88,AR,1722813103
296,gadzhiyevo,69.2551,33.3362,45.27,89,2,2.28,RU,1722813103
297,kayangel,8.0823,134.7173,83.75,74,96,12.03,PW,1722813103
298,xinyuan,37.3,99.0,42.78,91,1,3.62,CN,1722813103
299,karratha,-20.7377,116.8463,61.05,66,0,14.65,AU,1722813103
300,kolwezi,-10.7148,25.4667,60.06,26,2,5.1,CD,1722813104
301,mount pearl,47.5166,-52.7813,70.45,94,100,11.5,CA,1722813104
302,yung shue wan,22.2333,114.1167,86.68,85,68,12.59,HK,1722813104
303,fort st. john,56.2499,-120.8529,55.29,88,75,5.75,CA,1722813104
304,desnogorsk,54.1508,33.2815,55.62,89,25,4.12,RU,1722813104
305,goba,7.0167,39.9833,53.44,92,100,2.15,ET,1722813104
306,anadyr,64.75,177.4833,43.3,93,100,17.9,RU,1722813104
307,thurso,58.5927,-3.5259,57.45,89,100,10.67,GB,1722813105
308,tunja,5.5353,-73.3678,52.03,93,88,4.76,CO,1722812951
309,pavilosta,56.8879,21.1859,55.31,88,76,5.06,LV,1722813105
310,geraldton,-28.7667,114.6,45.01,93,0,9.22,AU,1722813105
311,yulinshi,38.2906,109.7494,74.07,66,55,8.32,CN,1722813105
312,kill devil hills,36.0307,-75.676,79.99,87,0,14.97,US,1722813106
313,vila franca do campo,37.7167,-25.4333,75.61,87,20,4.14,PT,1722813106
314,badger,64.8,-147.5333,75.36,51,0,5.75,US,1722813106
315,necochea,-38.5473,-58.7368,51.67,49,77,7.92,AR,1722813106
316,humaita,-7.5061,-63.0208,87.01,35,27,3.31,BR,1722813106
317,valdivia,-39.8142,-73.2459,50.09,94,100,7.27,CL,1722813106
318,la passe,45.5549,-0.8967,68.23,90,0,7.07,FR,1722813106
319,nuuk,64.1835,-51.7216,47.01,76,65,6.91,GL,1722813009
320,sinabang,2.4803,96.3801,78.28,85,97,3.76,ID,1722813107
321,mili,6.0815,171.735,83.89,75,50,13.18,MH,1722813107
322,kunashak,55.7032,61.5498,61.32,99,3,7.09,RU,1722813107
323,pangody,65.85,74.4859,53.58,62,97,16.73,RU,1722813107
324,villa bruzual,9.3328,-69.1208,78.15,88,25,2.64,VE,1722813107
325,laguna,38.421,-121.4238,104.23,21,0,11.5,US,1722813107
326,loikaw,19.6742,97.2094,69.08,99,100,2.35,MM,1722813108
327,khovd,48.0056,91.6419,66.51,37,0,2.08,MN,1722813108
328,zheleznogorsk-ilimskiy,56.5768,104.1217,56.43,89,46,1.57,RU,1722813108
329,sarangani,5.4033,125.4636,82.89,76,78,9.1,PH,1722813108
330,bamboo flat,11.7,92.7167,78.89,89,75,2.3,IN,1722813108
331,urcos,-13.6861,-71.6228,57.09,68,79,6.93,PE,1722813108
332,lompoc,34.6391,-120.4579,74.93,75,0,16.11,US,1722813108
333,kendari,-3.945,122.4989,73.72,95,91,2.06,ID,1722813109
334,uturoa,-16.7333,-151.4333,76.24,70,2,16.69,PF,1722813109
335,njombe,-9.3333,34.7667,46.65,80,0,4.63,TZ,1722813109
336,mount isa,-20.7333,139.5,67.77,56,100,1.14,AU,1722813109
337,teloloapan,18.35,-99.85,71.62,77,98,2.91,MX,1722812867
338,sigli,5.3848,95.9609,77.54,83,100,5.32,ID,1722813109
339,carutapera,-1.195,-46.02,78.35,79,44,7.74,BR,1722813109
340,dudinka,69.4058,86.1778,44.73,64,0,16.06,RU,1722813110
341,hilton head island,32.2163,-80.7526,84.31,77,0,1.99,US,1722813110
342,basoko,1.2391,23.616,71.92,94,43,4.34,CD,1722813110
343,mora,11.0461,14.1401,72.95,79,100,5.06,CM,1722813110
344,port augusta,-32.5,137.7667,53.08,75,100,4.07,AU,1722813110
345,zonguldak,41.25,31.8333,64.49,86,3,2.57,TR,1722813111
346,uliastay,47.7417,96.8444,54.63,62,0,4.61,MN,1722813111
347,rongelap,11.1635,166.8941,83.55,78,52,11.88,MH,1722813111
348,port-vila,-17.7338,168.3219,72.95,55,21,16.02,VU,1722813111
349,richards bay,-28.783,32.0377,67.82,67,39,18.66,ZA,1722813111
350,luziania,-16.2525,-47.9503,71.29,45,3,4.56,BR,1722813111
351,georgetown,5.4112,100.3354,80.53,83,20,0.0,MY,1722813027
352,al jawf,29.5,38.75,80.98,24,4,7.09,SA,1722813112
353,fale old settlement,-9.3852,-171.2468,81.75,81,89,14.88,TK,1722813112
354,san jose,37.3394,-121.895,88.52,50,0,11.5,US,1722813104
355,hilo,19.7297,-155.09,85.95,76,75,11.5,US,1722813112
356,santa cruz,-17.8,-63.1667,80.56,56,7,10.33,BO,1722812987
357,ingeniero jacobacci,-41.3427,-69.5448,44.6,52,96,8.3,AR,1722813112
358,kavieng,-2.5744,150.7967,82.47,75,100,9.78,PG,1722813112
359,dois corregos,-22.3661,-48.3803,70.27,49,25,10.02,BR,1722813113
360,magadan,59.5667,150.8,59.16,74,14,2.64,RU,1722812874
361,yonggwang-up,40.0183,127.4547,73.76,98,100,0.81,KP,1722813113
362,axim,4.8699,-2.2405,75.78,81,100,6.93,GH,1722813113
363,vladimiro-aleksandrovskoye,42.8944,133.0778,64.94,82,99,6.53,RU,1722813113
364,gadani,25.1185,66.7299,82.62,88,94,12.19,PK,1722813113
365,san-pedro,4.7485,-6.6363,75.51,82,97,4.74,CI,1722813113
366,borujen,31.9652,51.2873,75.38,23,53,4.61,IR,1722813114
367,kyaikkami,16.08,97.5675,79.34,86,100,8.52,MM,1722813114
368,sitangkai,4.6628,119.3928,83.66,71,81,6.31,PH,1722813114
369,taoudenni,22.6783,-3.9836,101.77,12,0,11.81,ML,1722813114
370,bam,29.106,58.357,91.85,11,95,3.42,IR,1722813114
371,darwin,-12.4611,130.8418,73.38,88,40,6.91,AU,1722813114
372,aglona,56.1333,27.0167,55.0,95,39,3.09,LV,1722813114
373,boguchany,58.3814,97.4531,57.76,81,9,1.52,RU,1722813115
374,bayramaly,37.6185,62.1671,76.75,21,3,8.46,TM,1722813115
375,ust'-kut,56.7938,105.7672,59.11,86,48,2.8,RU,1722813115
376,tolanaro,-25.0319,46.9987,64.11,91,3,7.09,MG,1722813115
377,gebeit,21.0667,36.3167,84.36,52,98,4.41,SD,1722813115
378,tulnici,45.9167,26.6667,58.01,79,75,4.88,RO,1722813115
379,sao miguel do araguaia,-13.275,-50.1628,78.35,28,0,2.82,BR,1722812836
380,minas de marcona,-15.2119,-75.1103,53.2,81,6,14.16,PE,1722813116
381,cannonvale,-20.2833,148.7,67.59,78,95,9.46,AU,1722813116
382,rey bouba,8.6724,14.1786,72.82,88,98,1.83,CM,1722813076
383,catio,11.2833,-15.25,75.56,93,100,4.36,GW,1722813116
384,fiumicino-isola sacra,41.7675,12.2291,82.49,57,0,2.3,IT,1722813116
385,bangassou,4.7413,22.8184,68.14,98,100,2.15,CF,1722813117
386,saint-philippe,-21.3585,55.7679,65.79,79,34,7.23,RE,1722813117
387,nantucket,41.2835,-70.0995,78.91,91,40,14.97,US,1722813117
388,kasongo-lunda,-6.4667,16.8167,75.25,46,100,2.44,CD,1722813117
389,puerto escondido,15.85,-97.0667,81.43,94,100,6.91,MX,1722812862
390,new norfolk,-42.7826,147.0587,51.93,75,78,4.12,AU,1722813117
391,warangal,18.0,79.5833,75.88,89,73,5.48,IN,1722813117
392,grenaa,56.4158,10.8783,55.62,83,0,14.94,DK,1722813118
393,chui,-33.6971,-53.4616,51.39,89,100,5.61,UY,1722813118
394,berberati,4.2612,15.7922,69.1,94,99,2.64,CF,1722813118
395,kapa'a,22.0752,-159.319,84.52,62,0,14.97,US,1722813118
396,ulladulla,-35.35,150.4667,55.29,62,100,3.22,AU,1722813118
397,sydney mines,46.2367,-60.2177,80.78,82,95,1.01,CA,1722813118
398,lubango,-14.9172,13.4925,61.38,35,0,4.9,AO,1722813118
399,lorengau,-2.0226,147.2712,82.31,78,100,8.08,PG,1722813119
400,aripuana,-9.1667,-60.6333,82.51,38,1,2.66,BR,1722813119
401,oyama,36.3,139.8,88.59,53,4,2.86,JP,1722813119
402,kerikeri,-35.2268,173.9474,55.89,67,100,4.59,NZ,1722813119
403,belyy yar,53.6039,91.3903,66.09,82,0,2.24,RU,1722813119
404,oranjemund,-28.55,16.4333,51.73,81,3,7.16,NA,1722813119
405,malango,-2.9627,119.9001,66.2,92,38,1.43,ID,1722813119
406,rikaze,29.25,88.8833,55.31,69,94,1.57,CN,1722813120
407,west bay,19.3667,-81.4167,89.06,74,20,4.61,KY,1722813120
408,susuman,62.7833,148.1667,59.7,43,13,2.73,RU,1722813120
409,bairnsdale,-37.8333,147.6167,48.63,62,100,2.33,AU,1722813120
410,siddipet,18.1,78.85,75.36,85,93,12.39,IN,1722813120
411,el calafate,-50.3408,-72.2768,33.8,98,99,4.38,AR,1722813012
412,kushiro,42.975,144.3747,65.35,100,100,9.22,JP,1722813121
413,simplicio mendes,-7.8539,-41.9103,75.24,42,0,4.03,BR,1722813121
414,babolsar,36.7025,52.6576,79.18,64,0,1.14,IR,1722813121
415,onega,63.9061,38.1404,57.49,80,93,5.46,RU,1722813121
416,opuwo,-18.0607,13.84,62.26,38,0,2.37,NA,1722813121
417,vorgashor,67.5833,63.95,44.4,70,100,12.55,RU,1722813121
418,miranda,3.2499,-76.2281,80.73,91,96,1.36,CO,1722813122
419,eydhafushi,5.1033,73.0708,81.79,76,100,3.96,MV,1722813122
420,fukagawa,43.7081,142.0392,68.65,84,100,2.08,JP,1722813122
421,manokwari,-0.8667,134.0833,75.27,94,100,2.59,ID,1722813122
422,yuzhno-kurilsk,44.0306,145.8556,61.61,99,100,4.05,RU,1722813122
423,seydisehir,37.4193,31.8453,69.12,46,14,3.71,TR,1722813122
424,hammerfest,70.6634,23.6821,66.65,63,0,4.61,NO,1722813123
425,yaren,-0.5472,166.916,84.34,73,100,14.99,NR,1722813123
426,malabar,-33.9667,151.25,52.65,84,100,8.05,AU,1722813123
427,mejit,10.2753,170.8646,83.48,79,16,14.58,MH,1722813123
428,namibe,-15.1961,12.1522,60.51,86,1,4.59,AO,1722813123
429,griffith,41.5284,-87.4237,90.3,60,0,6.91,US,1722813123
430,rossosh',51.1209,38.5116,61.34,96,99,4.68,RU,1722813124
431,weno,7.4515,151.8468,87.75,79,75,5.75,FM,1722813124
432,coquimbo,-29.9533,-71.3436,54.99,70,100,5.75,CL,1722812916
433,mermoz boabab,14.7065,-17.4758,79.36,86,100,9.62,SN,1722813124
434,xuddur,4.1213,43.8894,68.31,81,58,17.0,SO,1722813124
435,port lincoln,-34.7333,135.8667,52.3,79,83,4.0,AU,1722813124
436,brookings,44.3114,-96.7984,73.18,88,40,8.05,US,1722812860
437,khorixas,-20.3667,14.9667,56.5,47,0,3.04,NA,1722813125
438,baukau,51.5526,7.2042,63.48,83,96,2.44,DE,1722813125
439,capao da canoa,-29.7456,-50.0097,62.56,96,100,3.09,BR,1722813125
440,bodaybo,57.8506,114.1933,61.47,89,63,1.07,RU,1722813125
441,castelo do piaui,-5.3222,-41.5525,80.38,35,0,6.17,BR,1722813125
442,halifax,44.6453,-63.5724,71.49,91,100,3.0,CA,1722812891
443,egilsstadir,65.2653,-14.3948,53.51,76,75,5.75,IS,1722813126
444,hope,33.6671,-93.5916,93.25,31,0,6.53,US,1722813126
445,acapulco de juarez,16.8634,-99.8901,85.82,70,75,6.91,MX,1722813102
446,moree,-29.4667,149.85,57.72,71,100,14.16,AU,1722813126
447,roma,43.2128,-75.4557,82.96,65,0,14.97,US,1722813126
448,utrik,11.2278,169.8474,83.21,79,55,14.43,MH,1722813126
449,zhumysker,49.3333,49.4,76.44,33,4,6.46,KZ,1722813126
450,sainte-anne-des-monts,49.124,-66.4924,69.53,65,77,4.74,CA,1722813127
451,westport,41.1415,-73.3579,76.86,89,100,13.8,US,1722813127
452,zhezqazghan,47.7833,67.7667,71.1,34,2,4.9,KZ,1722813127
453,mar del plata,-38.0023,-57.5575,50.95,74,35,8.99,AR,1722812927
454,ballina,-28.8667,153.5667,59.77,75,100,4.76,AU,1722813127
455,kuqa,41.7278,82.9364,79.11,36,40,7.38,CN,1722813040
456,maddur,12.6,77.0667,70.59,90,88,5.23,IN,1722813127
457,nago,26.5881,127.9761,87.15,79,33,10.47,JP,1722813128
458,inarajan village,13.2736,144.7484,81.79,88,97,12.44,GU,1722813128
459,chela,34.069,104.4619,55.15,94,3,1.48,CN,1722813128
460,pielavesi,63.2333,26.75,54.75,88,88,4.59,FI,1722813128
461,felipe carrillo puerto,19.5833,-88.05,84.76,70,67,5.75,MX,1722813129
462,brisas de zicatela,15.8369,-97.0419,81.12,94,100,6.91,MX,1722813129
463,guiratinga,-16.3494,-53.7583,75.2,30,0,4.81,BR,1722813129
464,neiafu,-18.65,-173.9833,79.48,89,75,2.3,TO,1722813129
465,mogadishu,2.0371,45.3438,75.88,74,93,17.92,SO,1722813129
466,mo i rana,66.3128,14.1428,63.32,79,100,2.3,NO,1722813129
467,kili,5.6439,169.1211,82.87,77,98,12.1,MH,1722813129
468,cova figueira,14.8905,-24.2934,69.46,78,100,3.78,CV,1722813130
469,wewak,-3.5534,143.6268,77.68,90,100,3.02,PG,1722813130
470,laredo,27.5064,-99.5075,100.69,30,0,14.97,US,1722812916
471,smithers,54.7804,-127.1743,83.16,22,21,5.08,CA,1722813130
472,yorkton,51.2167,-102.4677,69.73,51,100,6.2,CA,1722813130
473,cam ranh,11.9214,109.1591,80.56,78,0,2.3,VN,1722813130
474,haiku-pauwela,20.9219,-156.3051,86.16,62,20,25.32,US,1722813131
475,kaohsiung,22.6163,120.3133,86.04,86,40,4.61,TW,1722813131
476,afif,23.9065,42.9172,83.79,19,79,10.02,SA,1722813131
477,hanzhong,33.0728,107.0303,74.28,92,3,0.94,CN,1722813131
478,latnaya,51.6586,38.9011,58.89,95,100,4.5,RU,1722813131
479,nowy sacz,49.6218,20.6971,64.02,86,91,2.86,PL,1722813131
480,lahaina,20.8783,-156.6825,87.94,66,19,10.4,US,1722813131
481,boryeong,36.3493,126.5977,85.96,85,64,2.53,KR,1722813132
482,chake chake,-5.2459,39.7666,72.97,73,1,9.19,TZ,1722813132
483,zabol,32.25,67.25,74.01,60,100,5.5,AF,1722813132
484,boyolangu,-8.1181,111.8935,69.73,97,51,2.17,ID,1722813132
485,fallon,39.4735,-118.7774,93.11,35,0,0.74,US,1722813132
486,strezhevoy,60.7333,77.5889,59.29,96,100,3.89,RU,1722813132
487,bracebridge,45.0334,-79.3163,77.88,61,41,6.82,CA,1722813133
488,puerto armuelles,8.2833,-82.8667,82.96,83,100,3.0,PA,1722813133
489,riosucio,5.4216,-75.7032,64.0,95,100,3.22,CO,1722813133
490,chibougamau,49.9168,-74.3659,62.55,58,88,4.68,CA,1722813133
491,manaure,11.7751,-72.4445,88.63,54,98,17.94,CO,1722813133
492,jwaneng,-24.6004,24.7303,54.07,29,64,11.68,BW,1722813133
493,ambodifotatra,-16.9833,49.85,72.57,67,12,2.01,MG,1722813133
494,aleg,17.0481,-13.9209,82.76,72,99,12.84,MR,1722813133
495,coari,-4.085,-63.1414,79.88,71,76,3.36,BR,1722813134
496,sur,22.5667,59.5289,85.86,66,100,4.45,OM,1722812851
497,saldanha,-33.0117,17.9442,39.25,57,41,4.14,ZA,1722813134
498,ust-tsilma,65.441,52.1498,59.65,81,99,9.35,RU,1722813134
499,rio grande,-32.035,-52.0986,57.31,95,100,14.43,BR,1722813134
500,vologda,59.2187,39.8886,56.62,95,42,5.59,RU,1722813134
501,dubbo,-32.25,148.6167,46.53,87,100,5.75,AU,1722813134
502,sinsang-ni,39.6503,127.4058,74.16,98,100,3.62,KP,1722813135
503,el alto,-4.2714,-81.2147,69.46,77,45,21.59,PE,1722813135
504,taishan,22.2514,112.7799,81.34,87,48,3.06,CN,1722813135
505,rio preto da eva,-2.6994,-59.6997,84.47,40,11,3.24,BR,1722813135
506,argo,37.6333,22.7333,79.79,53,3,1.88,GR,1722813135
507,walvis bay,-22.9575,14.5053,52.09,75,4,9.42,NA,1722813135
508,an nuhud,12.7,28.4333,78.49,72,93,13.27,SD,1722813136
509,kassala,15.451,36.4,80.33,71,100,14.18,SD,1722813136
510,pauini,-7.7136,-66.9764,81.81,57,51,0.04,BR,1722813136
511,guatire,10.4762,-66.5427,74.52,93,73,2.42,VE,1722813136
512,arnedo,42.2167,-2.1,67.5,54,0,4.18,ES,1722813136
513,chegdomyn,51.1167,133.0167,58.03,95,100,4.29,RU,1722812950
514,baiti,13.745,-14.7482,74.46,97,100,6.13,SN,1722813136
515,zhukovka,53.534,33.728,56.19,82,67,5.41,RU,1722813137
516,renqiu,38.6989,116.0936,75.78,84,46,4.47,CN,1722813137
517,manghit,42.1156,60.0597,85.98,26,1,11.5,UZ,1722813137
518,sarmiento,-45.5882,-69.07,44.28,67,100,6.8,AR,1722813137
519,leninskoye,41.7589,69.3864,74.26,23,46,7.45,KZ,1722813137
520,kaga bandoro,6.9896,19.1874,68.94,99,100,3.36,CF,1722813137
521,ixtapa,20.7,-105.2,90.23,70,40,10.36,MX,1722813138
522,reggane,26.7158,0.1714,101.88,9,27,9.95,DZ,1722813138
523,shenkursk,62.1091,42.896,58.5,98,100,5.03,RU,1722813138
524,jawf al maqbabah,13.8378,45.8349,79.9,70,23,3.24,YE,1722813138
525,labrador city,52.9463,-66.9114,62.19,62,59,11.99,CA,1722813138
526,saint-francois,46.4154,3.9054,60.66,100,0,2.3,FR,1722813139
527,antalaha,-14.9003,50.2788,65.1,86,52,6.71,MG,1722813139
528,kudahuvadhoo,2.6708,72.8944,83.12,73,100,7.83,MV,1722813139
529,villa gesell,-37.2639,-56.973,49.05,60,61,8.46,AR,1722813139
530,kokstad,-30.5472,29.4241,46.2,78,76,4.7,ZA,1722813139
531,goth phulji,26.8825,67.6807,84.74,77,58,6.82,PK,1722813139
532,nema,57.5067,50.5011,63.01,79,100,4.97,RU,1722813140
533,kasempa,-13.4584,25.8338,61.5,25,4,3.8,ZM,1722813140
534,santo antonio,-6.3106,-35.4789,69.71,93,15,9.91,BR,1722813140
535,sandnessjoen,66.0217,12.6316,64.92,76,17,12.68,NO,1722813140
536,azhikkal,11.9,75.3667,76.48,88,94,2.98,IN,1722813140
537,nalut,30.3333,10.85,79.29,54,0,14.63,LY,1722813141
538,yerofey pavlovich,53.9667,121.9667,60.39,99,100,1.83,RU,1722813141
539,metlili chaamba,32.2667,3.6333,89.67,24,1,8.5,DZ,1722813141
540,mamuju,-2.6748,118.8885,77.68,87,31,4.63,ID,1722813141
541,gaigeturi,33.4644,126.3183,86.09,77,9,3.04,KR,1722813141
542,palmer,42.1584,-72.3287,75.51,80,75,6.91,US,1722813141
543,gobernador virasora,-28.05,-56.0333,66.04,99,20,3.0,AR,1722813141
544,ponta delgada,37.7333,-25.6667,75.92,83,20,4.61,PT,1722813142
545,buala,-8.145,159.5921,78.08,90,100,8.43,SB,1722813142
546,tibati,6.4667,12.6333,64.89,96,99,2.26,CM,1722813142
547,antsiranana,-12.2787,49.2917,69.85,75,12,14.74,MG,1722813142
548,east london,-33.0153,27.9116,56.82,55,63,21.79,ZA,1722813142
549,umm ruwaba,12.9061,31.2158,80.06,70,98,10.18,SD,1722813142
550,salalah,17.0151,54.0924,75.96,89,27,8.43,OM,1722813142
551,touros,-5.1989,-35.4608,75.43,78,5,13.76,BR,1722813143
552,pathein,16.7833,94.7333,76.28,95,100,4.81,MM,1722812892
553,lubao,14.9167,120.55,79.86,87,97,2.98,PH,1722813143
554,kulhudhuffushi,6.6221,73.07,82.11,74,100,7.47,MV,1722813143
555,paradip garh,20.3167,86.6167,82.02,89,100,7.81,IN,1722813143
556,serenje,-13.2325,30.2352,56.77,34,5,4.23,ZM,1722813143
557,mariakani,-3.8633,39.4736,66.65,95,22,5.73,KE,1722813144
558,heroica caborca,30.7167,-112.15,104.77,25,5,8.3,MX,1722813144
559,raduzhny,62.0961,77.475,61.54,94,100,4.14,RU,1722813144
560,puerto aysen,-45.4,-72.7,38.48,100,100,1.54,CL,1722813144
561,brak,27.5496,14.2714,88.2,14,0,11.68,LY,1722813144
562,at taraf,25.3628,49.725,93.74,17,90,9.6,SA,1722813144
563,kolosovka,56.4678,73.611,56.91,94,85,5.59,RU,1722813145
564,katiola,8.1333,-5.1,71.4,83,77,4.14,CI,1722813145
565,ust'-kulom,61.6864,53.6902,58.05,97,98,5.59,RU,1722813145
566,ciudad lazaro cardenas,17.9583,-102.2,85.8,67,74,8.14,MX,1722813145
